TDNTuple4Agt: USESYM:true, P:4, NORMALIZE:false, sigmoid:tanh, lambda:0.5, horizon:4, AFTERSTATE:false, learnFromRM: true
TDNTuple4Agt: alpha_init->final:0.2->0.2, epsilon_init->final:0.2->0.1, gamma: 1.0, random 100 7-tuple, evalQ: 9, evalT: 10
agtFile; run; competeNum; dEdax; iterMWrap; EPS; p_MWrap; c_puct; winrate; time; user2
WrappeMCTS-100_EX0_00.agt.zip; 0; 1; 1; 0; 1.0E-8; 0; 1.0; 0.0; 0.446; 0.0
WrappeMCTS-100_EX0_00.agt.zip; 0; 1; 1; 0; 1.0E-8; 1; 1.0; 0.0; 0.259; 0.0
WrappeMCTS-100_EX0_00.agt.zip; 0; 1; 2; 0; 1.0E-8; 0; 1.0; 0.0; 0.42; 0.0
WrappeMCTS-100_EX0_00.agt.zip; 0; 1; 2; 0; 1.0E-8; 1; 1.0; 0.0; 0.254; 0.0
WrappeMCTS-100_EX0_00.agt.zip; 0; 1; 3; 0; 1.0E-8; 0; 1.0; 1.0; 0.413; 0.0
WrappeMCTS-100_EX0_00.agt.zip; 0; 1; 3; 0; 1.0E-8; 1; 1.0; 0.0; 0.266; 0.0
WrappeMCTS-100_EX0_00.agt.zip; 0; 1; 4; 0; 1.0E-8; 0; 1.0; 0.0; 0.439; 0.0
WrappeMCTS-100_EX0_00.agt.zip; 0; 1; 4; 0; 1.0E-8; 1; 1.0; 0.0; 0.267; 0.0
WrappeMCTS-100_EX0_00.agt.zip; 0; 1; 5; 0; 1.0E-8; 0; 1.0; 0.0; 0.441; 0.0
WrappeMCTS-100_EX0_00.agt.zip; 0; 1; 5; 0; 1.0E-8; 1; 1.0; 0.0; 0.255; 0.0
WrappeMCTS-100_EX0_00.agt.zip; 0; 1; 6; 0; 1.0E-8; 0; 1.0; 0.0; 0.455; 0.0
WrappeMCTS-100_EX0_00.agt.zip; 0; 1; 6; 0; 1.0E-8; 1; 1.0; 0.0; 0.348; 0.0
WrappeMCTS-100_EX0_00.agt.zip; 0; 1; 7; 0; 1.0E-8; 0; 1.0; 0.0; 0.579; 0.0
WrappeMCTS-100_EX0_00.agt.zip; 0; 1; 7; 0; 1.0E-8; 1; 1.0; 0.0; 0.349; 0.0
WrappeMCTS-100_EX0_00.agt.zip; 0; 1; 8; 0; 1.0E-8; 0; 1.0; 0.0; 0.73; 0.0
WrappeMCTS-100_EX0_00.agt.zip; 0; 1; 8; 0; 1.0E-8; 1; 1.0; 0.0; 0.66; 0.0
WrappeMCTS-100_EX0_00.agt.zip; 0; 1; 9; 0; 1.0E-8; 0; 1.0; 0.0; 0.857; 0.0
WrappeMCTS-100_EX0_00.agt.zip; 0; 1; 9; 0; 1.0E-8; 1; 1.0; 0.0; 0.765; 0.0
WrappeMCTS-100_EX0_00.agt.zip; 0; 1; 1; 10000; 1.0E-8; 0; 1.0; 1.0; 42.267; 0.0
WrappeMCTS-100_EX0_00.agt.zip; 0; 1; 1; 10000; 1.0E-8; 1; 1.0; 1.0; 42.608; 0.0
WrappeMCTS-100_EX0_00.agt.zip; 0; 1; 2; 10000; 1.0E-8; 0; 1.0; 1.0; 38.183; 0.0
WrappeMCTS-100_EX0_00.agt.zip; 0; 1; 2; 10000; 1.0E-8; 1; 1.0; 1.0; 42.622; 0.0
WrappeMCTS-100_EX0_00.agt.zip; 0; 1; 3; 10000; 1.0E-8; 0; 1.0; 1.0; 38.037; 0.0
WrappeMCTS-100_EX0_00.agt.zip; 0; 1; 3; 10000; 1.0E-8; 1; 1.0; 1.0; 42.082; 0.0
WrappeMCTS-100_EX0_00.agt.zip; 0; 1; 4; 10000; 1.0E-8; 0; 1.0; 1.0; 40.299; 0.0
WrappeMCTS-100_EX0_00.agt.zip; 0; 1; 4; 10000; 1.0E-8; 1; 1.0; 1.0; 43.758; 0.0
WrappeMCTS-100_EX0_00.agt.zip; 0; 1; 5; 10000; 1.0E-8; 0; 1.0; 1.0; 45.368; 0.0
WrappeMCTS-100_EX0_00.agt.zip; 0; 1; 5; 10000; 1.0E-8; 1; 1.0; 1.0; 50.389; 0.0
WrappeMCTS-100_EX0_00.agt.zip; 0; 1; 6; 10000; 1.0E-8; 0; 1.0; 0.0; 46.922; 0.0
WrappeMCTS-100_EX0_00.agt.zip; 0; 1; 6; 10000; 1.0E-8; 1; 1.0; 0.0; 49.626; 0.0
WrappeMCTS-100_EX0_00.agt.zip; 0; 1; 7; 10000; 1.0E-8; 0; 1.0; 1.0; 46.64; 0.0
WrappeMCTS-100_EX0_00.agt.zip; 0; 1; 7; 10000; 1.0E-8; 1; 1.0; 1.0; 48.399; 0.0
WrappeMCTS-100_EX0_00.agt.zip; 0; 1; 8; 10000; 1.0E-8; 0; 1.0; 0.0; 47.96; 0.0
WrappeMCTS-100_EX0_00.agt.zip; 0; 1; 8; 10000; 1.0E-8; 1; 1.0; 1.0; 50.981; 0.0
WrappeMCTS-100_EX0_00.agt.zip; 0; 1; 9; 10000; 1.0E-8; 0; 1.0; 0.0; 46.689; 0.0
WrappeMCTS-100_EX0_00.agt.zip; 0; 1; 9; 10000; 1.0E-8; 1; 1.0; 1.0; 47.369; 0.0
WrappeMCTS-100_EX0_01.agt.zip; 1; 1; 1; 0; 1.0E-8; 0; 1.0; 1.0; 0.47; 0.0
WrappeMCTS-100_EX0_01.agt.zip; 1; 1; 1; 0; 1.0E-8; 1; 1.0; 0.0; 0.289; 0.0
WrappeMCTS-100_EX0_01.agt.zip; 1; 1; 2; 0; 1.0E-8; 0; 1.0; 0.0; 0.458; 0.0
WrappeMCTS-100_EX0_01.agt.zip; 1; 1; 2; 0; 1.0E-8; 1; 1.0; 0.0; 0.287; 0.0
WrappeMCTS-100_EX0_01.agt.zip; 1; 1; 3; 0; 1.0E-8; 0; 1.0; 0.0; 0.467; 0.0
WrappeMCTS-100_EX0_01.agt.zip; 1; 1; 3; 0; 1.0E-8; 1; 1.0; 0.0; 0.297; 0.0
WrappeMCTS-100_EX0_01.agt.zip; 1; 1; 4; 0; 1.0E-8; 0; 1.0; 0.0; 0.481; 0.0
WrappeMCTS-100_EX0_01.agt.zip; 1; 1; 4; 0; 1.0E-8; 1; 1.0; 0.0; 0.313; 0.0
WrappeMCTS-100_EX0_01.agt.zip; 1; 1; 5; 0; 1.0E-8; 0; 1.0; 0.0; 0.481; 0.0
WrappeMCTS-100_EX0_01.agt.zip; 1; 1; 5; 0; 1.0E-8; 1; 1.0; 0.0; 0.368; 0.0
WrappeMCTS-100_EX0_01.agt.zip; 1; 1; 6; 0; 1.0E-8; 0; 1.0; 0.0; 0.579; 0.0
WrappeMCTS-100_EX0_01.agt.zip; 1; 1; 6; 0; 1.0E-8; 1; 1.0; 0.5; 0.371; 0.0
WrappeMCTS-100_EX0_01.agt.zip; 1; 1; 7; 0; 1.0E-8; 0; 1.0; 0.0; 0.562; 0.0
WrappeMCTS-100_EX0_01.agt.zip; 1; 1; 7; 0; 1.0E-8; 1; 1.0; 0.0; 0.454; 0.0
WrappeMCTS-100_EX0_01.agt.zip; 1; 1; 8; 0; 1.0E-8; 0; 1.0; 0.0; 0.743; 0.0
WrappeMCTS-100_EX0_01.agt.zip; 1; 1; 8; 0; 1.0E-8; 1; 1.0; 0.0; 0.636; 0.0
WrappeMCTS-100_EX0_01.agt.zip; 1; 1; 9; 0; 1.0E-8; 0; 1.0; 0.0; 1.143; 0.0
WrappeMCTS-100_EX0_01.agt.zip; 1; 1; 9; 0; 1.0E-8; 1; 1.0; 0.0; 1.024; 0.0
WrappeMCTS-100_EX0_01.agt.zip; 1; 1; 1; 10000; 1.0E-8; 0; 1.0; 1.0; 44.227; 0.0
WrappeMCTS-100_EX0_01.agt.zip; 1; 1; 1; 10000; 1.0E-8; 1; 1.0; 1.0; 47.97; 0.0
WrappeMCTS-100_EX0_01.agt.zip; 1; 1; 2; 10000; 1.0E-8; 0; 1.0; 1.0; 43.495; 0.0
WrappeMCTS-100_EX0_01.agt.zip; 1; 1; 2; 10000; 1.0E-8; 1; 1.0; 1.0; 49.77; 0.0
WrappeMCTS-100_EX0_01.agt.zip; 1; 1; 3; 10000; 1.0E-8; 0; 1.0; 1.0; 43.041; 0.0
WrappeMCTS-100_EX0_01.agt.zip; 1; 1; 3; 10000; 1.0E-8; 1; 1.0; 1.0; 46.174; 0.0
WrappeMCTS-100_EX0_01.agt.zip; 1; 1; 4; 10000; 1.0E-8; 0; 1.0; 1.0; 44.655; 0.0
WrappeMCTS-100_EX0_01.agt.zip; 1; 1; 4; 10000; 1.0E-8; 1; 1.0; 1.0; 47.962; 0.0
WrappeMCTS-100_EX0_01.agt.zip; 1; 1; 5; 10000; 1.0E-8; 0; 1.0; 1.0; 48.821; 0.0
WrappeMCTS-100_EX0_01.agt.zip; 1; 1; 5; 10000; 1.0E-8; 1; 1.0; 1.0; 45.406; 0.0
WrappeMCTS-100_EX0_01.agt.zip; 1; 1; 6; 10000; 1.0E-8; 0; 1.0; 1.0; 46.886; 0.0
WrappeMCTS-100_EX0_01.agt.zip; 1; 1; 6; 10000; 1.0E-8; 1; 1.0; 0.0; 48.665; 0.0
WrappeMCTS-100_EX0_01.agt.zip; 1; 1; 7; 10000; 1.0E-8; 0; 1.0; 1.0; 49.15; 0.0
WrappeMCTS-100_EX0_01.agt.zip; 1; 1; 7; 10000; 1.0E-8; 1; 1.0; 1.0; 47.927; 0.0
WrappeMCTS-100_EX0_01.agt.zip; 1; 1; 8; 10000; 1.0E-8; 0; 1.0; 0.0; 49.21; 0.0
WrappeMCTS-100_EX0_01.agt.zip; 1; 1; 8; 10000; 1.0E-8; 1; 1.0; 1.0; 48.622; 0.0
WrappeMCTS-100_EX0_01.agt.zip; 1; 1; 9; 10000; 1.0E-8; 0; 1.0; 0.0; 51.702; 0.0
WrappeMCTS-100_EX0_01.agt.zip; 1; 1; 9; 10000; 1.0E-8; 1; 1.0; 1.0; 46.954; 0.0
WrappeMCTS-100_EX0_02.agt.zip; 2; 1; 1; 0; 1.0E-8; 0; 1.0; 1.0; 0.495; 0.0
WrappeMCTS-100_EX0_02.agt.zip; 2; 1; 1; 0; 1.0E-8; 1; 1.0; 1.0; 0.315; 0.0
WrappeMCTS-100_EX0_02.agt.zip; 2; 1; 2; 0; 1.0E-8; 0; 1.0; 0.0; 0.502; 0.0
WrappeMCTS-100_EX0_02.agt.zip; 2; 1; 2; 0; 1.0E-8; 1; 1.0; 0.0; 0.362; 0.0
WrappeMCTS-100_EX0_02.agt.zip; 2; 1; 3; 0; 1.0E-8; 0; 1.0; 0.0; 0.528; 0.0
WrappeMCTS-100_EX0_02.agt.zip; 2; 1; 3; 0; 1.0E-8; 1; 1.0; 0.0; 0.357; 0.0
WrappeMCTS-100_EX0_02.agt.zip; 2; 1; 4; 0; 1.0E-8; 0; 1.0; 0.0; 0.479; 0.0
WrappeMCTS-100_EX0_02.agt.zip; 2; 1; 4; 0; 1.0E-8; 1; 1.0; 0.0; 0.298; 0.0
WrappeMCTS-100_EX0_02.agt.zip; 2; 1; 5; 0; 1.0E-8; 0; 1.0; 0.0; 0.487; 0.0
WrappeMCTS-100_EX0_02.agt.zip; 2; 1; 5; 0; 1.0E-8; 1; 1.0; 0.0; 0.336; 0.0
WrappeMCTS-100_EX0_02.agt.zip; 2; 1; 6; 0; 1.0E-8; 0; 1.0; 0.0; 0.55; 0.0
WrappeMCTS-100_EX0_02.agt.zip; 2; 1; 6; 0; 1.0E-8; 1; 1.0; 0.0; 0.444; 0.0
WrappeMCTS-100_EX0_02.agt.zip; 2; 1; 7; 0; 1.0E-8; 0; 1.0; 0.0; 0.588; 0.0
WrappeMCTS-100_EX0_02.agt.zip; 2; 1; 7; 0; 1.0E-8; 1; 1.0; 0.0; 0.54; 0.0
WrappeMCTS-100_EX0_02.agt.zip; 2; 1; 8; 0; 1.0E-8; 0; 1.0; 0.0; 0.745; 0.0
WrappeMCTS-100_EX0_02.agt.zip; 2; 1; 8; 0; 1.0E-8; 1; 1.0; 0.0; 0.681; 0.0
WrappeMCTS-100_EX0_02.agt.zip; 2; 1; 9; 0; 1.0E-8; 0; 1.0; 0.0; 1.055; 0.0
WrappeMCTS-100_EX0_02.agt.zip; 2; 1; 9; 0; 1.0E-8; 1; 1.0; 0.0; 1.212; 0.0
WrappeMCTS-100_EX0_02.agt.zip; 2; 1; 1; 10000; 1.0E-8; 0; 1.0; 1.0; 47.034; 0.0
WrappeMCTS-100_EX0_02.agt.zip; 2; 1; 1; 10000; 1.0E-8; 1; 1.0; 1.0; 46.917; 0.0
WrappeMCTS-100_EX0_02.agt.zip; 2; 1; 2; 10000; 1.0E-8; 0; 1.0; 1.0; 46.206; 0.0
WrappeMCTS-100_EX0_02.agt.zip; 2; 1; 2; 10000; 1.0E-8; 1; 1.0; 1.0; 47.225; 0.0
WrappeMCTS-100_EX0_02.agt.zip; 2; 1; 3; 10000; 1.0E-8; 0; 1.0; 1.0; 44.135; 0.0
WrappeMCTS-100_EX0_02.agt.zip; 2; 1; 3; 10000; 1.0E-8; 1; 1.0; 1.0; 44.807; 0.0
WrappeMCTS-100_EX0_02.agt.zip; 2; 1; 4; 10000; 1.0E-8; 0; 1.0; 1.0; 45.932; 0.0
WrappeMCTS-100_EX0_02.agt.zip; 2; 1; 4; 10000; 1.0E-8; 1; 1.0; 1.0; 48.736; 0.0
WrappeMCTS-100_EX0_02.agt.zip; 2; 1; 5; 10000; 1.0E-8; 0; 1.0; 1.0; 45.49; 0.0
WrappeMCTS-100_EX0_02.agt.zip; 2; 1; 5; 10000; 1.0E-8; 1; 1.0; 1.0; 45.227; 0.0
WrappeMCTS-100_EX0_02.agt.zip; 2; 1; 6; 10000; 1.0E-8; 0; 1.0; 1.0; 46.287; 0.0
WrappeMCTS-100_EX0_02.agt.zip; 2; 1; 6; 10000; 1.0E-8; 1; 1.0; 0.0; 48.34; 0.0
WrappeMCTS-100_EX0_02.agt.zip; 2; 1; 7; 10000; 1.0E-8; 0; 1.0; 1.0; 46.649; 0.0
WrappeMCTS-100_EX0_02.agt.zip; 2; 1; 7; 10000; 1.0E-8; 1; 1.0; 1.0; 46.207; 0.0
WrappeMCTS-100_EX0_02.agt.zip; 2; 1; 8; 10000; 1.0E-8; 0; 1.0; 0.5; 47.163; 0.0
WrappeMCTS-100_EX0_02.agt.zip; 2; 1; 8; 10000; 1.0E-8; 1; 1.0; 1.0; 51.108; 0.0
WrappeMCTS-100_EX0_02.agt.zip; 2; 1; 9; 10000; 1.0E-8; 0; 1.0; 0.0; 49.186; 0.0
WrappeMCTS-100_EX0_02.agt.zip; 2; 1; 9; 10000; 1.0E-8; 1; 1.0; 1.0; 48.517; 0.0
WrappeMCTS-100_EX0_03.agt.zip; 3; 1; 1; 0; 1.0E-8; 0; 1.0; 1.0; 0.476; 0.0
WrappeMCTS-100_EX0_03.agt.zip; 3; 1; 1; 0; 1.0E-8; 1; 1.0; 1.0; 0.285; 0.0
WrappeMCTS-100_EX0_03.agt.zip; 3; 1; 2; 0; 1.0E-8; 0; 1.0; 0.0; 0.484; 0.0
WrappeMCTS-100_EX0_03.agt.zip; 3; 1; 2; 0; 1.0E-8; 1; 1.0; 0.0; 0.333; 0.0
WrappeMCTS-100_EX0_03.agt.zip; 3; 1; 3; 0; 1.0E-8; 0; 1.0; 1.0; 0.491; 0.0
WrappeMCTS-100_EX0_03.agt.zip; 3; 1; 3; 0; 1.0E-8; 1; 1.0; 0.0; 0.283; 0.0
WrappeMCTS-100_EX0_03.agt.zip; 3; 1; 4; 0; 1.0E-8; 0; 1.0; 0.0; 0.474; 0.0
WrappeMCTS-100_EX0_03.agt.zip; 3; 1; 4; 0; 1.0E-8; 1; 1.0; 0.0; 0.298; 0.0
WrappeMCTS-100_EX0_03.agt.zip; 3; 1; 5; 0; 1.0E-8; 0; 1.0; 0.0; 0.489; 0.0
WrappeMCTS-100_EX0_03.agt.zip; 3; 1; 5; 0; 1.0E-8; 1; 1.0; 0.0; 0.34; 0.0
WrappeMCTS-100_EX0_03.agt.zip; 3; 1; 6; 0; 1.0E-8; 0; 1.0; 0.0; 0.586; 0.0
WrappeMCTS-100_EX0_03.agt.zip; 3; 1; 6; 0; 1.0E-8; 1; 1.0; 0.0; 0.368; 0.0
WrappeMCTS-100_EX0_03.agt.zip; 3; 1; 7; 0; 1.0E-8; 0; 1.0; 0.0; 0.667; 0.0
WrappeMCTS-100_EX0_03.agt.zip; 3; 1; 7; 0; 1.0E-8; 1; 1.0; 0.0; 0.404; 0.0
WrappeMCTS-100_EX0_03.agt.zip; 3; 1; 8; 0; 1.0E-8; 0; 1.0; 0.0; 0.85; 0.0
WrappeMCTS-100_EX0_03.agt.zip; 3; 1; 8; 0; 1.0E-8; 1; 1.0; 0.0; 0.515; 0.0
WrappeMCTS-100_EX0_03.agt.zip; 3; 1; 9; 0; 1.0E-8; 0; 1.0; 0.0; 1.254; 0.0
WrappeMCTS-100_EX0_03.agt.zip; 3; 1; 9; 0; 1.0E-8; 1; 1.0; 0.0; 0.706; 0.0
WrappeMCTS-100_EX0_03.agt.zip; 3; 1; 1; 10000; 1.0E-8; 0; 1.0; 1.0; 45.542; 0.0
WrappeMCTS-100_EX0_03.agt.zip; 3; 1; 1; 10000; 1.0E-8; 1; 1.0; 1.0; 47.938; 0.0
WrappeMCTS-100_EX0_03.agt.zip; 3; 1; 2; 10000; 1.0E-8; 0; 1.0; 1.0; 45.851; 0.0
WrappeMCTS-100_EX0_03.agt.zip; 3; 1; 2; 10000; 1.0E-8; 1; 1.0; 1.0; 48.397; 0.0
WrappeMCTS-100_EX0_03.agt.zip; 3; 1; 3; 10000; 1.0E-8; 0; 1.0; 1.0; 45.164; 0.0
WrappeMCTS-100_EX0_03.agt.zip; 3; 1; 3; 10000; 1.0E-8; 1; 1.0; 1.0; 44.418; 0.0
WrappeMCTS-100_EX0_03.agt.zip; 3; 1; 4; 10000; 1.0E-8; 0; 1.0; 1.0; 42.823; 0.0
WrappeMCTS-100_EX0_03.agt.zip; 3; 1; 4; 10000; 1.0E-8; 1; 1.0; 1.0; 48.032; 0.0
WrappeMCTS-100_EX0_03.agt.zip; 3; 1; 5; 10000; 1.0E-8; 0; 1.0; 1.0; 46.329; 0.0
WrappeMCTS-100_EX0_03.agt.zip; 3; 1; 5; 10000; 1.0E-8; 1; 1.0; 1.0; 43.918; 0.0
WrappeMCTS-100_EX0_03.agt.zip; 3; 1; 6; 10000; 1.0E-8; 0; 1.0; 1.0; 43.644; 0.0
WrappeMCTS-100_EX0_03.agt.zip; 3; 1; 6; 10000; 1.0E-8; 1; 1.0; 1.0; 44.83; 0.0
WrappeMCTS-100_EX0_03.agt.zip; 3; 1; 7; 10000; 1.0E-8; 0; 1.0; 1.0; 46.372; 0.0
WrappeMCTS-100_EX0_03.agt.zip; 3; 1; 7; 10000; 1.0E-8; 1; 1.0; 1.0; 46.512; 0.0
WrappeMCTS-100_EX0_03.agt.zip; 3; 1; 8; 10000; 1.0E-8; 0; 1.0; 0.5; 43.246; 0.0
WrappeMCTS-100_EX0_03.agt.zip; 3; 1; 8; 10000; 1.0E-8; 1; 1.0; 1.0; 48.602; 0.0
WrappeMCTS-100_EX0_03.agt.zip; 3; 1; 9; 10000; 1.0E-8; 0; 1.0; 1.0; 47.028; 0.0
WrappeMCTS-100_EX0_03.agt.zip; 3; 1; 9; 10000; 1.0E-8; 1; 1.0; 1.0; 48.26; 0.0
WrappeMCTS-100_EX0_04.agt.zip; 4; 1; 1; 0; 1.0E-8; 0; 1.0; 0.0; 0.489; 0.0
WrappeMCTS-100_EX0_04.agt.zip; 4; 1; 1; 0; 1.0E-8; 1; 1.0; 1.0; 0.305; 0.0
WrappeMCTS-100_EX0_04.agt.zip; 4; 1; 2; 0; 1.0E-8; 0; 1.0; 0.0; 0.485; 0.0
WrappeMCTS-100_EX0_04.agt.zip; 4; 1; 2; 0; 1.0E-8; 1; 1.0; 0.0; 0.295; 0.0
WrappeMCTS-100_EX0_04.agt.zip; 4; 1; 3; 0; 1.0E-8; 0; 1.0; 0.0; 0.479; 0.0
WrappeMCTS-100_EX0_04.agt.zip; 4; 1; 3; 0; 1.0E-8; 1; 1.0; 0.0; 0.309; 0.0
WrappeMCTS-100_EX0_04.agt.zip; 4; 1; 4; 0; 1.0E-8; 0; 1.0; 0.0; 0.495; 0.0
WrappeMCTS-100_EX0_04.agt.zip; 4; 1; 4; 0; 1.0E-8; 1; 1.0; 0.0; 0.325; 0.0
WrappeMCTS-100_EX0_04.agt.zip; 4; 1; 5; 0; 1.0E-8; 0; 1.0; 0.0; 0.547; 0.0
WrappeMCTS-100_EX0_04.agt.zip; 4; 1; 5; 0; 1.0E-8; 1; 1.0; 0.0; 0.354; 0.0
WrappeMCTS-100_EX0_04.agt.zip; 4; 1; 6; 0; 1.0E-8; 0; 1.0; 0.0; 0.615; 0.0
WrappeMCTS-100_EX0_04.agt.zip; 4; 1; 6; 0; 1.0E-8; 1; 1.0; 0.0; 0.436; 0.0
WrappeMCTS-100_EX0_04.agt.zip; 4; 1; 7; 0; 1.0E-8; 0; 1.0; 0.0; 0.63; 0.0
WrappeMCTS-100_EX0_04.agt.zip; 4; 1; 7; 0; 1.0E-8; 1; 1.0; 0.0; 0.467; 0.0
WrappeMCTS-100_EX0_04.agt.zip; 4; 1; 8; 0; 1.0E-8; 0; 1.0; 0.0; 0.845; 0.0
WrappeMCTS-100_EX0_04.agt.zip; 4; 1; 8; 0; 1.0E-8; 1; 1.0; 0.0; 0.701; 0.0
WrappeMCTS-100_EX0_04.agt.zip; 4; 1; 9; 0; 1.0E-8; 0; 1.0; 0.0; 1.161; 0.0
WrappeMCTS-100_EX0_04.agt.zip; 4; 1; 9; 0; 1.0E-8; 1; 1.0; 0.0; 0.935; 0.0
WrappeMCTS-100_EX0_04.agt.zip; 4; 1; 1; 10000; 1.0E-8; 0; 1.0; 1.0; 47.571; 0.0
WrappeMCTS-100_EX0_04.agt.zip; 4; 1; 1; 10000; 1.0E-8; 1; 1.0; 1.0; 49.859; 0.0
WrappeMCTS-100_EX0_04.agt.zip; 4; 1; 2; 10000; 1.0E-8; 0; 1.0; 1.0; 43.517; 0.0
WrappeMCTS-100_EX0_04.agt.zip; 4; 1; 2; 10000; 1.0E-8; 1; 1.0; 1.0; 49.517; 0.0
WrappeMCTS-100_EX0_04.agt.zip; 4; 1; 3; 10000; 1.0E-8; 0; 1.0; 1.0; 49.026; 0.0
WrappeMCTS-100_EX0_04.agt.zip; 4; 1; 3; 10000; 1.0E-8; 1; 1.0; 1.0; 46.205; 0.0
WrappeMCTS-100_EX0_04.agt.zip; 4; 1; 4; 10000; 1.0E-8; 0; 1.0; 1.0; 44.937; 0.0
WrappeMCTS-100_EX0_04.agt.zip; 4; 1; 4; 10000; 1.0E-8; 1; 1.0; 0.5; 44.854; 0.0
WrappeMCTS-100_EX0_04.agt.zip; 4; 1; 5; 10000; 1.0E-8; 0; 1.0; 1.0; 44.364; 0.0
WrappeMCTS-100_EX0_04.agt.zip; 4; 1; 5; 10000; 1.0E-8; 1; 1.0; 1.0; 44.177; 0.0
WrappeMCTS-100_EX0_04.agt.zip; 4; 1; 6; 10000; 1.0E-8; 0; 1.0; 0.0; 49.869; 0.0
WrappeMCTS-100_EX0_04.agt.zip; 4; 1; 6; 10000; 1.0E-8; 1; 1.0; 0.0; 46.117; 0.0
WrappeMCTS-100_EX0_04.agt.zip; 4; 1; 7; 10000; 1.0E-8; 0; 1.0; 1.0; 44.685; 0.0
WrappeMCTS-100_EX0_04.agt.zip; 4; 1; 7; 10000; 1.0E-8; 1; 1.0; 0.0; 45.506; 0.0
WrappeMCTS-100_EX0_04.agt.zip; 4; 1; 8; 10000; 1.0E-8; 0; 1.0; 0.5; 46.798; 0.0
WrappeMCTS-100_EX0_04.agt.zip; 4; 1; 8; 10000; 1.0E-8; 1; 1.0; 0.0; 51.061; 0.0
WrappeMCTS-100_EX0_04.agt.zip; 4; 1; 9; 10000; 1.0E-8; 0; 1.0; 0.0; 52.242; 0.0
WrappeMCTS-100_EX0_04.agt.zip; 4; 1; 9; 10000; 1.0E-8; 1; 1.0; 1.0; 49.844; 0.0
WrappeMCTS-100_EX0_05.agt.zip; 5; 1; 1; 0; 1.0E-8; 0; 1.0; 1.0; 0.462; 0.0
WrappeMCTS-100_EX0_05.agt.zip; 5; 1; 1; 0; 1.0E-8; 1; 1.0; 0.0; 0.253; 0.0
WrappeMCTS-100_EX0_05.agt.zip; 5; 1; 2; 0; 1.0E-8; 0; 1.0; 0.0; 0.448; 0.0
WrappeMCTS-100_EX0_05.agt.zip; 5; 1; 2; 0; 1.0E-8; 1; 1.0; 0.0; 0.271; 0.0
WrappeMCTS-100_EX0_05.agt.zip; 5; 1; 3; 0; 1.0E-8; 0; 1.0; 0.0; 0.435; 0.0
WrappeMCTS-100_EX0_05.agt.zip; 5; 1; 3; 0; 1.0E-8; 1; 1.0; 0.0; 0.277; 0.0
WrappeMCTS-100_EX0_05.agt.zip; 5; 1; 4; 0; 1.0E-8; 0; 1.0; 0.0; 0.467; 0.0
WrappeMCTS-100_EX0_05.agt.zip; 5; 1; 4; 0; 1.0E-8; 1; 1.0; 0.0; 0.271; 0.0
WrappeMCTS-100_EX0_05.agt.zip; 5; 1; 5; 0; 1.0E-8; 0; 1.0; 0.0; 0.472; 0.0
WrappeMCTS-100_EX0_05.agt.zip; 5; 1; 5; 0; 1.0E-8; 1; 1.0; 0.0; 0.303; 0.0
WrappeMCTS-100_EX0_05.agt.zip; 5; 1; 6; 0; 1.0E-8; 0; 1.0; 0.0; 0.589; 0.0
WrappeMCTS-100_EX0_05.agt.zip; 5; 1; 6; 0; 1.0E-8; 1; 1.0; 0.0; 0.384; 0.0
WrappeMCTS-100_EX0_05.agt.zip; 5; 1; 7; 0; 1.0E-8; 0; 1.0; 0.0; 0.602; 0.0
WrappeMCTS-100_EX0_05.agt.zip; 5; 1; 7; 0; 1.0E-8; 1; 1.0; 0.0; 0.498; 0.0
WrappeMCTS-100_EX0_05.agt.zip; 5; 1; 8; 0; 1.0E-8; 0; 1.0; 0.0; 0.835; 0.0
WrappeMCTS-100_EX0_05.agt.zip; 5; 1; 8; 0; 1.0E-8; 1; 1.0; 0.0; 0.714; 0.0
WrappeMCTS-100_EX0_05.agt.zip; 5; 1; 9; 0; 1.0E-8; 0; 1.0; 0.0; 1.002; 0.0
WrappeMCTS-100_EX0_05.agt.zip; 5; 1; 9; 0; 1.0E-8; 1; 1.0; 0.0; 1.042; 0.0
WrappeMCTS-100_EX0_05.agt.zip; 5; 1; 1; 10000; 1.0E-8; 0; 1.0; 1.0; 40.588; 0.0
WrappeMCTS-100_EX0_05.agt.zip; 5; 1; 1; 10000; 1.0E-8; 1; 1.0; 1.0; 44.482; 0.0
WrappeMCTS-100_EX0_05.agt.zip; 5; 1; 2; 10000; 1.0E-8; 0; 1.0; 1.0; 41.698; 0.0
WrappeMCTS-100_EX0_05.agt.zip; 5; 1; 2; 10000; 1.0E-8; 1; 1.0; 1.0; 41.912; 0.0
WrappeMCTS-100_EX0_05.agt.zip; 5; 1; 3; 10000; 1.0E-8; 0; 1.0; 1.0; 41.594; 0.0
WrappeMCTS-100_EX0_05.agt.zip; 5; 1; 3; 10000; 1.0E-8; 1; 1.0; 1.0; 42.671; 0.0
WrappeMCTS-100_EX0_05.agt.zip; 5; 1; 4; 10000; 1.0E-8; 0; 1.0; 1.0; 41.468; 0.0
WrappeMCTS-100_EX0_05.agt.zip; 5; 1; 4; 10000; 1.0E-8; 1; 1.0; 1.0; 43.118; 0.0
WrappeMCTS-100_EX0_05.agt.zip; 5; 1; 5; 10000; 1.0E-8; 0; 1.0; 0.0; 40.598; 0.0
WrappeMCTS-100_EX0_05.agt.zip; 5; 1; 5; 10000; 1.0E-8; 1; 1.0; 1.0; 42.464; 0.0
WrappeMCTS-100_EX0_05.agt.zip; 5; 1; 6; 10000; 1.0E-8; 0; 1.0; 1.0; 38.492; 0.0
WrappeMCTS-100_EX0_05.agt.zip; 5; 1; 6; 10000; 1.0E-8; 1; 1.0; 1.0; 41.359; 0.0
WrappeMCTS-100_EX0_05.agt.zip; 5; 1; 7; 10000; 1.0E-8; 0; 1.0; 1.0; 39.348; 0.0
WrappeMCTS-100_EX0_05.agt.zip; 5; 1; 7; 10000; 1.0E-8; 1; 1.0; 1.0; 41.295; 0.0
WrappeMCTS-100_EX0_05.agt.zip; 5; 1; 8; 10000; 1.0E-8; 0; 1.0; 0.5; 42.666; 0.0
WrappeMCTS-100_EX0_05.agt.zip; 5; 1; 8; 10000; 1.0E-8; 1; 1.0; 1.0; 43.883; 0.0
WrappeMCTS-100_EX0_05.agt.zip; 5; 1; 9; 10000; 1.0E-8; 0; 1.0; 0.0; 41.067; 0.0
WrappeMCTS-100_EX0_05.agt.zip; 5; 1; 9; 10000; 1.0E-8; 1; 1.0; 1.0; 42.975; 0.0
WrappeMCTS-100_EX0_06.agt.zip; 6; 1; 1; 0; 1.0E-8; 0; 1.0; 1.0; 0.389; 0.0
WrappeMCTS-100_EX0_06.agt.zip; 6; 1; 1; 0; 1.0E-8; 1; 1.0; 0.0; 0.249; 0.0
WrappeMCTS-100_EX0_06.agt.zip; 6; 1; 2; 0; 1.0E-8; 0; 1.0; 0.0; 0.409; 0.0
WrappeMCTS-100_EX0_06.agt.zip; 6; 1; 2; 0; 1.0E-8; 1; 1.0; 0.0; 0.242; 0.0
WrappeMCTS-100_EX0_06.agt.zip; 6; 1; 3; 0; 1.0E-8; 0; 1.0; 0.0; 0.391; 0.0
WrappeMCTS-100_EX0_06.agt.zip; 6; 1; 3; 0; 1.0E-8; 1; 1.0; 0.0; 0.254; 0.0
WrappeMCTS-100_EX0_06.agt.zip; 6; 1; 4; 0; 1.0E-8; 0; 1.0; 0.0; 0.419; 0.0
WrappeMCTS-100_EX0_06.agt.zip; 6; 1; 4; 0; 1.0E-8; 1; 1.0; 0.0; 0.26; 0.0
WrappeMCTS-100_EX0_06.agt.zip; 6; 1; 5; 0; 1.0E-8; 0; 1.0; 0.0; 0.422; 0.0
WrappeMCTS-100_EX0_06.agt.zip; 6; 1; 5; 0; 1.0E-8; 1; 1.0; 0.0; 0.281; 0.0
WrappeMCTS-100_EX0_06.agt.zip; 6; 1; 6; 0; 1.0E-8; 0; 1.0; 0.0; 0.502; 0.0
WrappeMCTS-100_EX0_06.agt.zip; 6; 1; 6; 0; 1.0E-8; 1; 1.0; 0.0; 0.324; 0.0
WrappeMCTS-100_EX0_06.agt.zip; 6; 1; 7; 0; 1.0E-8; 0; 1.0; 0.0; 0.546; 0.0
WrappeMCTS-100_EX0_06.agt.zip; 6; 1; 7; 0; 1.0E-8; 1; 1.0; 0.0; 0.376; 0.0
WrappeMCTS-100_EX0_06.agt.zip; 6; 1; 8; 0; 1.0E-8; 0; 1.0; 0.0; 0.742; 0.0
WrappeMCTS-100_EX0_06.agt.zip; 6; 1; 8; 0; 1.0E-8; 1; 1.0; 0.0; 0.622; 0.0
WrappeMCTS-100_EX0_06.agt.zip; 6; 1; 9; 0; 1.0E-8; 0; 1.0; 0.0; 0.816; 0.0
WrappeMCTS-100_EX0_06.agt.zip; 6; 1; 9; 0; 1.0E-8; 1; 1.0; 0.0; 0.798; 0.0
WrappeMCTS-100_EX0_06.agt.zip; 6; 1; 1; 10000; 1.0E-8; 0; 1.0; 1.0; 41.109; 0.0
WrappeMCTS-100_EX0_06.agt.zip; 6; 1; 1; 10000; 1.0E-8; 1; 1.0; 1.0; 40.163; 0.0
WrappeMCTS-100_EX0_06.agt.zip; 6; 1; 2; 10000; 1.0E-8; 0; 1.0; 1.0; 40.691; 0.0
WrappeMCTS-100_EX0_06.agt.zip; 6; 1; 2; 10000; 1.0E-8; 1; 1.0; 1.0; 42.358; 0.0
WrappeMCTS-100_EX0_06.agt.zip; 6; 1; 3; 10000; 1.0E-8; 0; 1.0; 1.0; 39.404; 0.0
WrappeMCTS-100_EX0_06.agt.zip; 6; 1; 3; 10000; 1.0E-8; 1; 1.0; 1.0; 39.06; 0.0
WrappeMCTS-100_EX0_06.agt.zip; 6; 1; 4; 10000; 1.0E-8; 0; 1.0; 1.0; 40.968; 0.0
WrappeMCTS-100_EX0_06.agt.zip; 6; 1; 4; 10000; 1.0E-8; 1; 1.0; 1.0; 41.611; 0.0
WrappeMCTS-100_EX0_06.agt.zip; 6; 1; 5; 10000; 1.0E-8; 0; 1.0; 1.0; 38.617; 0.0
WrappeMCTS-100_EX0_06.agt.zip; 6; 1; 5; 10000; 1.0E-8; 1; 1.0; 1.0; 39.926; 0.0
WrappeMCTS-100_EX0_06.agt.zip; 6; 1; 6; 10000; 1.0E-8; 0; 1.0; 1.0; 37.919; 0.0
WrappeMCTS-100_EX0_06.agt.zip; 6; 1; 6; 10000; 1.0E-8; 1; 1.0; 1.0; 41.181; 0.0
WrappeMCTS-100_EX0_06.agt.zip; 6; 1; 7; 10000; 1.0E-8; 0; 1.0; 0.0; 39.047; 0.0
WrappeMCTS-100_EX0_06.agt.zip; 6; 1; 7; 10000; 1.0E-8; 1; 1.0; 1.0; 39.985; 0.0
WrappeMCTS-100_EX0_06.agt.zip; 6; 1; 8; 10000; 1.0E-8; 0; 1.0; 0.5; 41.751; 0.0
WrappeMCTS-100_EX0_06.agt.zip; 6; 1; 8; 10000; 1.0E-8; 1; 1.0; 0.5; 39.571; 0.0
WrappeMCTS-100_EX0_06.agt.zip; 6; 1; 9; 10000; 1.0E-8; 0; 1.0; 1.0; 42.276; 0.0
WrappeMCTS-100_EX0_06.agt.zip; 6; 1; 9; 10000; 1.0E-8; 1; 1.0; 1.0; 40.599; 0.0
WrappeMCTS-100_EX0_07.agt.zip; 7; 1; 1; 0; 1.0E-8; 0; 1.0; 0.0; 0.395; 0.0
WrappeMCTS-100_EX0_07.agt.zip; 7; 1; 1; 0; 1.0E-8; 1; 1.0; 1.0; 0.232; 0.0
WrappeMCTS-100_EX0_07.agt.zip; 7; 1; 2; 0; 1.0E-8; 0; 1.0; 0.0; 0.405; 0.0
WrappeMCTS-100_EX0_07.agt.zip; 7; 1; 2; 0; 1.0E-8; 1; 1.0; 1.0; 0.235; 0.0
WrappeMCTS-100_EX0_07.agt.zip; 7; 1; 3; 0; 1.0E-8; 0; 1.0; 0.0; 0.397; 0.0
WrappeMCTS-100_EX0_07.agt.zip; 7; 1; 3; 0; 1.0E-8; 1; 1.0; 0.0; 0.261; 0.0
WrappeMCTS-100_EX0_07.agt.zip; 7; 1; 4; 0; 1.0E-8; 0; 1.0; 0.0; 0.414; 0.0
WrappeMCTS-100_EX0_07.agt.zip; 7; 1; 4; 0; 1.0E-8; 1; 1.0; 0.0; 0.248; 0.0
WrappeMCTS-100_EX0_07.agt.zip; 7; 1; 5; 0; 1.0E-8; 0; 1.0; 0.0; 0.426; 0.0
WrappeMCTS-100_EX0_07.agt.zip; 7; 1; 5; 0; 1.0E-8; 1; 1.0; 0.0; 0.286; 0.0
WrappeMCTS-100_EX0_07.agt.zip; 7; 1; 6; 0; 1.0E-8; 0; 1.0; 0.0; 0.499; 0.0
WrappeMCTS-100_EX0_07.agt.zip; 7; 1; 6; 0; 1.0E-8; 1; 1.0; 0.0; 0.339; 0.0
WrappeMCTS-100_EX0_07.agt.zip; 7; 1; 7; 0; 1.0E-8; 0; 1.0; 0.0; 0.61; 0.0
WrappeMCTS-100_EX0_07.agt.zip; 7; 1; 7; 0; 1.0E-8; 1; 1.0; 0.0; 0.404; 0.0
WrappeMCTS-100_EX0_07.agt.zip; 7; 1; 8; 0; 1.0E-8; 0; 1.0; 0.0; 0.748; 0.0
WrappeMCTS-100_EX0_07.agt.zip; 7; 1; 8; 0; 1.0E-8; 1; 1.0; 0.0; 0.591; 0.0
WrappeMCTS-100_EX0_07.agt.zip; 7; 1; 9; 0; 1.0E-8; 0; 1.0; 0.0; 0.836; 0.0
WrappeMCTS-100_EX0_07.agt.zip; 7; 1; 9; 0; 1.0E-8; 1; 1.0; 0.0; 0.831; 0.0
WrappeMCTS-100_EX0_07.agt.zip; 7; 1; 1; 10000; 1.0E-8; 0; 1.0; 1.0; 39.125; 0.0
WrappeMCTS-100_EX0_07.agt.zip; 7; 1; 1; 10000; 1.0E-8; 1; 1.0; 1.0; 40.943; 0.0
WrappeMCTS-100_EX0_07.agt.zip; 7; 1; 2; 10000; 1.0E-8; 0; 1.0; 1.0; 40.379; 0.0
WrappeMCTS-100_EX0_07.agt.zip; 7; 1; 2; 10000; 1.0E-8; 1; 1.0; 1.0; 40.991; 0.0
WrappeMCTS-100_EX0_07.agt.zip; 7; 1; 3; 10000; 1.0E-8; 0; 1.0; 1.0; 37.769; 0.0
WrappeMCTS-100_EX0_07.agt.zip; 7; 1; 3; 10000; 1.0E-8; 1; 1.0; 1.0; 38.371; 0.0
WrappeMCTS-100_EX0_07.agt.zip; 7; 1; 4; 10000; 1.0E-8; 0; 1.0; 1.0; 40.273; 0.0
WrappeMCTS-100_EX0_07.agt.zip; 7; 1; 4; 10000; 1.0E-8; 1; 1.0; 1.0; 41.634; 0.0
WrappeMCTS-100_EX0_07.agt.zip; 7; 1; 5; 10000; 1.0E-8; 0; 1.0; 1.0; 41.052; 0.0
WrappeMCTS-100_EX0_07.agt.zip; 7; 1; 5; 10000; 1.0E-8; 1; 1.0; 1.0; 41.432; 0.0
WrappeMCTS-100_EX0_07.agt.zip; 7; 1; 6; 10000; 1.0E-8; 0; 1.0; 1.0; 40.534; 0.0
WrappeMCTS-100_EX0_07.agt.zip; 7; 1; 6; 10000; 1.0E-8; 1; 1.0; 1.0; 42.447; 0.0
WrappeMCTS-100_EX0_07.agt.zip; 7; 1; 7; 10000; 1.0E-8; 0; 1.0; 1.0; 39.319; 0.0
WrappeMCTS-100_EX0_07.agt.zip; 7; 1; 7; 10000; 1.0E-8; 1; 1.0; 1.0; 40.74; 0.0
WrappeMCTS-100_EX0_07.agt.zip; 7; 1; 8; 10000; 1.0E-8; 0; 1.0; 0.0; 42.238; 0.0
WrappeMCTS-100_EX0_07.agt.zip; 7; 1; 8; 10000; 1.0E-8; 1; 1.0; 1.0; 42.805; 0.0
WrappeMCTS-100_EX0_07.agt.zip; 7; 1; 9; 10000; 1.0E-8; 0; 1.0; 0.0; 42.879; 0.0
WrappeMCTS-100_EX0_07.agt.zip; 7; 1; 9; 10000; 1.0E-8; 1; 1.0; 0.0; 42.462; 0.0
WrappeMCTS-100_EX0_08.agt.zip; 8; 1; 1; 0; 1.0E-8; 0; 1.0; 0.5; 0.401; 0.0
WrappeMCTS-100_EX0_08.agt.zip; 8; 1; 1; 0; 1.0E-8; 1; 1.0; 0.0; 0.242; 0.0
WrappeMCTS-100_EX0_08.agt.zip; 8; 1; 2; 0; 1.0E-8; 0; 1.0; 1.0; 0.377; 0.0
WrappeMCTS-100_EX0_08.agt.zip; 8; 1; 2; 0; 1.0E-8; 1; 1.0; 0.0; 0.248; 0.0
WrappeMCTS-100_EX0_08.agt.zip; 8; 1; 3; 0; 1.0E-8; 0; 1.0; 0.0; 0.398; 0.0
WrappeMCTS-100_EX0_08.agt.zip; 8; 1; 3; 0; 1.0E-8; 1; 1.0; 0.0; 0.254; 0.0
WrappeMCTS-100_EX0_08.agt.zip; 8; 1; 4; 0; 1.0E-8; 0; 1.0; 0.0; 0.42; 0.0
WrappeMCTS-100_EX0_08.agt.zip; 8; 1; 4; 0; 1.0E-8; 1; 1.0; 0.0; 0.261; 0.0
WrappeMCTS-100_EX0_08.agt.zip; 8; 1; 5; 0; 1.0E-8; 0; 1.0; 0.0; 0.439; 0.0
WrappeMCTS-100_EX0_08.agt.zip; 8; 1; 5; 0; 1.0E-8; 1; 1.0; 0.0; 0.278; 0.0
WrappeMCTS-100_EX0_08.agt.zip; 8; 1; 6; 0; 1.0E-8; 0; 1.0; 0.0; 0.503; 0.0
WrappeMCTS-100_EX0_08.agt.zip; 8; 1; 6; 0; 1.0E-8; 1; 1.0; 0.0; 0.333; 0.0
WrappeMCTS-100_EX0_08.agt.zip; 8; 1; 7; 0; 1.0E-8; 0; 1.0; 0.0; 0.519; 0.0
WrappeMCTS-100_EX0_08.agt.zip; 8; 1; 7; 0; 1.0E-8; 1; 1.0; 0.0; 0.413; 0.0
WrappeMCTS-100_EX0_08.agt.zip; 8; 1; 8; 0; 1.0E-8; 0; 1.0; 0.0; 0.678; 0.0
WrappeMCTS-100_EX0_08.agt.zip; 8; 1; 8; 0; 1.0E-8; 1; 1.0; 0.0; 0.53; 0.0
WrappeMCTS-100_EX0_08.agt.zip; 8; 1; 9; 0; 1.0E-8; 0; 1.0; 0.0; 0.929; 0.0
WrappeMCTS-100_EX0_08.agt.zip; 8; 1; 9; 0; 1.0E-8; 1; 1.0; 0.0; 0.83; 0.0
WrappeMCTS-100_EX0_08.agt.zip; 8; 1; 1; 10000; 1.0E-8; 0; 1.0; 1.0; 40.886; 0.0
WrappeMCTS-100_EX0_08.agt.zip; 8; 1; 1; 10000; 1.0E-8; 1; 1.0; 1.0; 41.367; 0.0
WrappeMCTS-100_EX0_08.agt.zip; 8; 1; 2; 10000; 1.0E-8; 0; 1.0; 1.0; 41.602; 0.0
WrappeMCTS-100_EX0_08.agt.zip; 8; 1; 2; 10000; 1.0E-8; 1; 1.0; 1.0; 40.82; 0.0
WrappeMCTS-100_EX0_08.agt.zip; 8; 1; 3; 10000; 1.0E-8; 0; 1.0; 1.0; 38.81; 0.0
WrappeMCTS-100_EX0_08.agt.zip; 8; 1; 3; 10000; 1.0E-8; 1; 1.0; 1.0; 39.179; 0.0
WrappeMCTS-100_EX0_08.agt.zip; 8; 1; 4; 10000; 1.0E-8; 0; 1.0; 1.0; 38.388; 0.0
WrappeMCTS-100_EX0_08.agt.zip; 8; 1; 4; 10000; 1.0E-8; 1; 1.0; 1.0; 41.344; 0.0
WrappeMCTS-100_EX0_08.agt.zip; 8; 1; 5; 10000; 1.0E-8; 0; 1.0; 1.0; 38.371; 0.0
WrappeMCTS-100_EX0_08.agt.zip; 8; 1; 5; 10000; 1.0E-8; 1; 1.0; 0.5; 41.635; 0.0
WrappeMCTS-100_EX0_08.agt.zip; 8; 1; 6; 10000; 1.0E-8; 0; 1.0; 1.0; 37.152; 0.0
WrappeMCTS-100_EX0_08.agt.zip; 8; 1; 6; 10000; 1.0E-8; 1; 1.0; 1.0; 38.904; 0.0
WrappeMCTS-100_EX0_08.agt.zip; 8; 1; 7; 10000; 1.0E-8; 0; 1.0; 1.0; 39.419; 0.0
WrappeMCTS-100_EX0_08.agt.zip; 8; 1; 7; 10000; 1.0E-8; 1; 1.0; 0.0; 40.192; 0.0
WrappeMCTS-100_EX0_08.agt.zip; 8; 1; 8; 10000; 1.0E-8; 0; 1.0; 0.0; 39.877; 0.0
WrappeMCTS-100_EX0_08.agt.zip; 8; 1; 8; 10000; 1.0E-8; 1; 1.0; 1.0; 41.912; 0.0
WrappeMCTS-100_EX0_08.agt.zip; 8; 1; 9; 10000; 1.0E-8; 0; 1.0; 0.0; 42.122; 0.0
WrappeMCTS-100_EX0_08.agt.zip; 8; 1; 9; 10000; 1.0E-8; 1; 1.0; 0.5; 41.081; 0.0
WrappeMCTS-100_EX0_09.agt.zip; 9; 1; 1; 0; 1.0E-8; 0; 1.0; 0.0; 0.393; 0.0
WrappeMCTS-100_EX0_09.agt.zip; 9; 1; 1; 0; 1.0E-8; 1; 1.0; 0.0; 0.245; 0.0
WrappeMCTS-100_EX0_09.agt.zip; 9; 1; 2; 0; 1.0E-8; 0; 1.0; 0.0; 0.408; 0.0
WrappeMCTS-100_EX0_09.agt.zip; 9; 1; 2; 0; 1.0E-8; 1; 1.0; 0.0; 0.24; 0.0
WrappeMCTS-100_EX0_09.agt.zip; 9; 1; 3; 0; 1.0E-8; 0; 1.0; 0.0; 0.387; 0.0
WrappeMCTS-100_EX0_09.agt.zip; 9; 1; 3; 0; 1.0E-8; 1; 1.0; 0.0; 0.244; 0.0
WrappeMCTS-100_EX0_09.agt.zip; 9; 1; 4; 0; 1.0E-8; 0; 1.0; 0.0; 0.414; 0.0
WrappeMCTS-100_EX0_09.agt.zip; 9; 1; 4; 0; 1.0E-8; 1; 1.0; 0.0; 0.272; 0.0
WrappeMCTS-100_EX0_09.agt.zip; 9; 1; 5; 0; 1.0E-8; 0; 1.0; 0.0; 0.427; 0.0
WrappeMCTS-100_EX0_09.agt.zip; 9; 1; 5; 0; 1.0E-8; 1; 1.0; 0.0; 0.286; 0.0
WrappeMCTS-100_EX0_09.agt.zip; 9; 1; 6; 0; 1.0E-8; 0; 1.0; 0.0; 0.514; 0.0
WrappeMCTS-100_EX0_09.agt.zip; 9; 1; 6; 0; 1.0E-8; 1; 1.0; 0.0; 0.325; 0.0
WrappeMCTS-100_EX0_09.agt.zip; 9; 1; 7; 0; 1.0E-8; 0; 1.0; 0.0; 0.528; 0.0
WrappeMCTS-100_EX0_09.agt.zip; 9; 1; 7; 0; 1.0E-8; 1; 1.0; 0.0; 0.391; 0.0
WrappeMCTS-100_EX0_09.agt.zip; 9; 1; 8; 0; 1.0E-8; 0; 1.0; 0.0; 0.697; 0.0
WrappeMCTS-100_EX0_09.agt.zip; 9; 1; 8; 0; 1.0E-8; 1; 1.0; 0.0; 0.512; 0.0
WrappeMCTS-100_EX0_09.agt.zip; 9; 1; 9; 0; 1.0E-8; 0; 1.0; 0.0; 0.799; 0.0
WrappeMCTS-100_EX0_09.agt.zip; 9; 1; 9; 0; 1.0E-8; 1; 1.0; 0.0; 0.853; 0.0
WrappeMCTS-100_EX0_09.agt.zip; 9; 1; 1; 10000; 1.0E-8; 0; 1.0; 1.0; 43.226; 0.0
WrappeMCTS-100_EX0_09.agt.zip; 9; 1; 1; 10000; 1.0E-8; 1; 1.0; 1.0; 44.565; 0.0
WrappeMCTS-100_EX0_09.agt.zip; 9; 1; 2; 10000; 1.0E-8; 0; 1.0; 1.0; 38.715; 0.0
WrappeMCTS-100_EX0_09.agt.zip; 9; 1; 2; 10000; 1.0E-8; 1; 1.0; 1.0; 42.826; 0.0
WrappeMCTS-100_EX0_09.agt.zip; 9; 1; 3; 10000; 1.0E-8; 0; 1.0; 1.0; 40.218; 0.0
WrappeMCTS-100_EX0_09.agt.zip; 9; 1; 3; 10000; 1.0E-8; 1; 1.0; 1.0; 39.215; 0.0
WrappeMCTS-100_EX0_09.agt.zip; 9; 1; 4; 10000; 1.0E-8; 0; 1.0; 1.0; 40.299; 0.0
WrappeMCTS-100_EX0_09.agt.zip; 9; 1; 4; 10000; 1.0E-8; 1; 1.0; 1.0; 41.488; 0.0
WrappeMCTS-100_EX0_09.agt.zip; 9; 1; 5; 10000; 1.0E-8; 0; 1.0; 1.0; 39.985; 0.0
WrappeMCTS-100_EX0_09.agt.zip; 9; 1; 5; 10000; 1.0E-8; 1; 1.0; 1.0; 37.861; 0.0
WrappeMCTS-100_EX0_09.agt.zip; 9; 1; 6; 10000; 1.0E-8; 0; 1.0; 1.0; 42.13; 0.0
WrappeMCTS-100_EX0_09.agt.zip; 9; 1; 6; 10000; 1.0E-8; 1; 1.0; 1.0; 45.48; 0.0
WrappeMCTS-100_EX0_09.agt.zip; 9; 1; 7; 10000; 1.0E-8; 0; 1.0; 0.0; 41.373; 0.0
WrappeMCTS-100_EX0_09.agt.zip; 9; 1; 7; 10000; 1.0E-8; 1; 1.0; 1.0; 43.998; 0.0
WrappeMCTS-100_EX0_09.agt.zip; 9; 1; 8; 10000; 1.0E-8; 0; 1.0; 1.0; 49.59; 0.0
WrappeMCTS-100_EX0_09.agt.zip; 9; 1; 8; 10000; 1.0E-8; 1; 1.0; 1.0; 41.689; 0.0
WrappeMCTS-100_EX0_09.agt.zip; 9; 1; 9; 10000; 1.0E-8; 0; 1.0; 0.0; 40.654; 0.0
WrappeMCTS-100_EX0_09.agt.zip; 9; 1; 9; 10000; 1.0E-8; 1; 1.0; 0.5; 45.376; 0.0
